"DESCRIPTION","DURATION IN MS","NAME","PARENT SUITE","START TIME","STATUS","STOP TIME","SUB SUITE","SUITE","TEST CLASS","TEST METHOD"
"","103","TC-AUTH-02: rejects a wrong password","Auth","2026-10-09","passed","2026-10-09","","","",""
"","186","TC-BOOKING-04: finds a booking by guest name","Booking","2026-10-09","passed","2026-10-09","","","",""
"","198","TC-BOOKING-06: partially updates a booking","Booking","2026-10-09","passed","2026-10-09","","","",""
"","113","TC-BOOKING-02: creates a booking","Booking","2026-10-09","passed","2026-10-09","","","",""
"","222","TC-BOOKING-01: health check responds","Booking","2026-10-09","passed","2026-10-09","","","",""
"","196","TC-BOOKING-07: rejects an update without a token","Booking","2026-10-09","passed","2026-10-09","","","",""
"","102","TC-BOOKING-09: returns 404 for a booking that does not exist","Booking","2026-10-09","passed","2026-10-09","","","",""
"","189","TC-BOOKING-05: updates a booking with a token","Booking","2026-10-09","passed","2026-10-09","","","",""
"","95","TC-BOOKING-10: rejects a booking with missing required fields","Booking","2026-10-09","passed","2026-10-09","","","",""
"","196","TC-BOOKING-03: gets a booking by id","Booking","2026-10-09","passed","2026-10-09","","","",""
"","393","TC-AUTH-01: returns a token for valid credentials","Auth","2026-10-09","passed","2026-10-09","","","",""
"","280","TC-BOOKING-08: deletes a booking","Booking","2026-10-09","passed","2026-10-09","","","",""
